0,Audi,Audi A3 hatchback
1,Audi,Audi A4L
2,Audi,Audi A6L
3,Audi,Audi Q3
4,Audi,Audi Q5
5,Audi,Audi A3 sedan
6,Audi,Audi A1
7,Audi,Audi A4 estate
8,Audi,Audi A5 convertible
9,Audi,Audi A5 coupe
10,Audi,Audi A5 hatchback
11,Audi,Audi A7
12,Audi,Audi A8L
13,Audi,Audi Q7
14,Audi,Audi S5 convertible
15,Audi,Audi S8
16,Audi,Audi TTS coupe
17,Audi,Audi TT coupe
18,BWM,BWM 3 Series
19,BWM,BWM X1
20,BWM,BWM 5 Series
21,BWM,BWM M5
22,BWM,BWM 2 Series
23,BWM,BWM 3 Series GT
24,BWM,BWM 3 Series convertible
25,BWM,BWM 3 Series estate
26,BWM,BWM 3 Series coupe
27,BWM,BWM 4 Series convertible
28,BWM,BWM 5 Series GT
29,BWM,BWM 6 Series
30,BWM,BWM 7 Series
31,BWM,BWM X3
32,BWM,BWM X4
33,BWM,BWM X5
34,BWM,BWM X6
35,BWM,BWM 1 Series hatchback
36,Benz,Benz C Class
37,Benz,Benz GLK Class
38,Benz,Benz E Class
39,Benz,Benz C Class AMG
40,Benz,Benz G Class AMG
41,Benz,Benz A Class
42,Benz,Benz C Class estate
43,Benz,Benz E Class convertible
44,Benz,Benz E Class couple
45,Benz,Benz GL Class
46,Benz,Benz R Class
47,Benz,Benz SLK Class
48,Benz,Benz S Class
49,Buck,encore
50,Buck,Buick GL8 Luxury Business
51,Buck,Buick GL8 Business
52,Buck,Regal
53,Buck,Regal GS
54,Buck,Lacrosse
55,Buck,Exclle
56,Buck,EXCELLE  GT
57,Buck,EXCELLE  XT
58,Buck,Enclave
59,Honda,Crosstour
60,Honda,Crider
61,Honda,Accord
62,Honda,Jade
63,Honda,Spirior
64,Honda,Civic
65,Honda,Honda CR-V
66,Peugeot,Peugeot 2008
67,Peugeot,Peugeot 207 hatchback
68,Peugeot,Peugeot 207 sedan
69,Peugeot,Peugeot 3008
70,Peugeot,Peugeot 301
71,Peugeot,Peugeot 307 hatchback
72,Peugeot,Peugeot 307 sedan
73,Peugeot,Peugeot 308
74,Peugeot,Peugeot 408
75,Peugeot,Peugeot 508
76,Peugeot,Peugeot 207CC
77,Peugeot,Peugeot 308SW
78,Peugeot,Peugeot 4008
79,Peugeot,Peugeot RCZ
80,Peugeot,Peugeot 308CC
81,BYD,BYD F0
82,BYD,BYD F3R
83,BYD,BYD F6
84,BYD,BYD G3
85,BYD,BYD L3
86,BYD,BYD M6
87,BYD,BYD S6
88,Porsche,Panamera
89,Porsche,Porsche 911
90,Porsche,Canyenne
91,Porsche,Cayman
92,BAW,BAW E Series sedan 
93,BAW,BAW E Series hatchback
94,Baojun,Baojun 610
95,Baojun,Baojun 630
96,Baojun,Lechi
97,Besturn,Besturn B50
98,Besturn,Besturn B90
99,Besturn,Besturn X80
100,Besturn,Besturn B70
101,GreatWall,Great Wall C50
102,GreatWall,Great Wall M2
103,GreatWall,Great Wall M4
104,GreatWall,Great Wall V80
105,GreatWall,Wingle 5
106,GreatWall,Xuanli
107,GreatWall,Xuanli CROSS
108,Changan,Benben
109,Changan,Benben MINI
110,Changan,Changan CS35
111,Changan,Changan CX20
112,Changan,Yidong
113,Changan,Yuexiang V3
114,Changan,Yuexiang V5
115,Changan,Yuexiang hatchback
116,Changan,Yuexiang sedan
117,Changan,Zhishang XT
118,Changan,Ruiping
119,Changan,Zhixiang
120,Changan,Benben LOVE
121,Volkswagen,Cross Polo
122,Volkswagen,Polo hatchback
123,Volkswagen,Polo sedan
124,Volkswagen,Cross Lavida
125,Volkswagen,Gran Lavida
126,Volkswagen,Lavide
127,Volkswagen,Passat
128,Volkswagen,Passat Lingyu
129,Volkswagen,Santana
130,Volkswagen,Touran
131,Volkswagen,Tiguan
132,Volkswagen,Volkswagen Eos
133,Volkswagen,Golf convertible 
134,Volkswagen,Golf estate
135,Volkswagen,Phaeton
136,Volkswagen,Beetle
137,Volkswagen,Multivan
138,Volkswagen,Magotan estate
139,Volkswagen,Scirocco
140,Volkswagen,Touareg
141,Volkswagen,Sharan
142,Volkswagen,Variant
143,Volkswagen,Tiguan abroad version
144,Volkswagen,Bora
145,Volkswagen,Golf
146,Volkswagen,Golf GTI
147,Volkswagen,Jetta
148,Volkswagen,Magotan
149,Volkswagen,Sagitar
150,Volkswagen,Volkswagen CC
151,DS,DS 5
152,DS,DS 5LS
153,DS,DS 3
154,DS,DS 4
155,Dongfengfengxing,Lingzhi
156,Dongfengfengxing,Jingyi
157,Dongfengfengshen,Fengshen CROSS
158,Dongfengfengshen,Fengshen H30
159,Dongfengfengshen,Fengshen S30
160,Dongfengfengshen,Fengshen A60
161,Dongfengfengdu,Shuaike
162,Ford,Fiesta sedan
163,Ford,Classic Focus hatchback
164,Ford,Classic Focus sedan
165,Ford,S-MAX
166,Ford,New Focus hatchback
167,Ford,New Focus sedan
168,Ford,Ecosport
169,Ford,Mendeo Zhisheng
170,Ford,Fiesta hatchback
171,Ford,Focus ST
172,Ford,Mustang
173,FIAT,Feixiang
174,FIAT,Zhiyue
175,FIAT,Bravo
176,FIAT,FIAT 500
177,Fuqiqiteng,Qiteng M70
178,Guangqichuanqi,Chuanqi GS5
179,Haval,Haval H3
180,Jeep,Wrangler
181,Jeep,Compass
182,Jeep,Patriot
183,Jaguar,Gaguar XJ
184,Jaguar,Gaguar XF
185,Cadillac,Seville SLS
186,Cadillac,Cadillac XTS
187,Cadillac,Cadillac CTS
188,Cadillac,Cadillac ATS-L
189,Cadillac,Cadillac SRX
190,Renault,Wind Lang
191,Renault,Koleos
192,Renault,Latitude
193,Renault,Scenic
194,Lufeng,Landwind X8
195,Lufeng,Landwind X5
196,MINI,MINI
197,MINI,MINI CLUBMAN
198,MINI,MINI COUNTRYMAN
199,MINI,MINI PACEMAN
200,Nissan,Teana
201,Nissan,New Sylphy
202,Nissan,Sylphy
203,Nissan,Sunshine
204,Nissan,Qashqai
205,Nissan,Livina
206,Nissan,Tiida
207,Nissan,Ma Chi
208,Nissan,Nissan NV200
209,Nissan,Nissan GT-R
210,Skoda,Fabia
211,Skoda,Octavia
212,Skoda,Superb
213,Skoda,Yeti
214,Skoda,Haorui
215,Skoda,Rapid
216,Skoda,Superb Derivative
217,Shuanglong,Kyron
218,Wealeak,WeaLink X5
219,Hyundai ,i30
220,Hyundai ,ix35
221,Hyundai ,Avante
222,Hyundai ,Sonata
223,Hyundai ,Mistra
224,Hyundai ,Moinca
225,Hyundai ,Santafe
226,Hyundai ,Rena
227,Hyundai ,Verna
228,Hyundai ,Sonata 8
229,Hyundai ,Elantra Yuedong
230,Hyundai ,Rohens
231,Hyundai ,Equus
232,Hyundai ,Veloster
233,Infiniti,Infiniti Q50
234,Infiniti,Infiniti Q70L
235,Infiniti,Infiniti QX50
236,Infiniti,Infiniti QX70
237,Infiniti,Infiniti QX80
238,Infiniti,Infiniti G Class
239,Zoyte,Zotye 5008
240,Yiqi,Weizhi
241,Yiqi,Weizhi V2
242,Yiqi,Weizhi V5
243,Yiqi,Xiali N5
244,Chrysler,Chrysler 300C
245,LAND-ROVER,Discovery
246,LAND-ROVER,Range Rover
247,LAND-ROVER,Evoque
248,LAND-ROVER,Range Rover Sport
249,Lamorghini ,Gallardo
250,KIA,Forte
251,KIA,KIA K2 sedan
252,KIA,KIA K3
253,KIA,KIA K3S
254,KIA,KIA K5
255,KIA,Sportage
256,KIA,Soul
257,KIA,Sportage R
258,KIA,Borrego
259,KIA,Shuma
260,KIA,Sorento
261,KIA,Kaizun
262,Roewe,Roewe 350
263,Roewe,Roewe 750
264,Roewe,Roewe 550
265,Subaru,Impreza hatchback
266,Subaru,Impreza sedan
267,Shangqidatong,MAXUS V80xs
268,Citroen,c-Elysee sedan
269,Citroen,Elysee
270,Citroen,Quatre hatchback
271,Citroen,Quatre sedan
272,Citroen,Citroen C2
273,Citroen,Citroen C4L
274,Citroen,Citroen C5
275,Jonway,Yongyuan A380
276,Toyota,Toyota RAV4
277,Toyota,Crown
278,Toyota,Lcruiser
279,Toyota,Prado
280,Toyota,Prius
281,Toyota,Reiz
282,Toyota,Vios
283,Toyota,Huaguan
284,Toyota,Venza
285,Toyota,Alphard
286,Toyota,Toyota 86
287,Toyota,Camry
288,Toyota,Camry hybrid
289,Toyota,Yaris
290,Toyota,EZ
291,Qoros,Qoros 3
292,GAC,Saboo GX5
293,Haima,Haima M3
294,Haima,Haima S5
295,Haima,Haima S7
296,Haima,Haimaqishi
297,Haima,Haydo
298,Haima,Premacy
299,Haima,Qiubite
300,Haima,Family M5
301,Huatai,Lusheng E70
302,Geely,Geely SC7
303,Geely,King Kong sedan
304,Geely,Classic Imperial hatchback
305,Geely,Classic Imperial sedan
306,Geely,Ziyoujian
307,Geely,Geely EC8
308,Jianghuai,Binyue
309,Jianghuai,Heyue RS
310,Jianghuai,Ruifeng M5
311,Jianghuai,Ruifeng S5
312,Jianghuai,Ruiying
313,Jianghuai,Tongyue
314,Jianghuai,Heyue
315,Jinbei,Dahaishi
316,Lexus,Lexus CT
317,Lexus,Lexus ES hybrid
318,Lexus,Lexus GS
319,Lexus,Lexus GS hybrid
320,Lexus,Lexus GX
321,Lexus,Lexus IS
322,Lexus,Lexus IS convertible 
323,Lexus,Lexus LS hybrid
324,Lexus,Lexus RX
325,Lexus,Lexus RX hybrid
326,Lexus,Lexus ES
327,Lifan,Lifan 520
328,Lifan,Lifan 720
329,Lifan,Lifan 320
330,Lotus,Jingyue
331,MAZDA,Atenza
332,MAZDA,Mazda CX7
333,MAZDA,Ruiyi
334,MAZDA,Ruiyi coupe
335,MAZDA,Mazda 6
336,MAZDA,Mazda 3 abroad version
337,MAZDA,Mazda 5
338,MAZDA,Mazda 2
339,MAZDA,Mazda 2 sedan
340,MAZDA,Mazda 3
341,MAZDA,Mazda 3 Xingcheng hatchback
342,MAZDA,Mazda 3 Xingcheng sedan
343,MAZDA,Mazda CX-5
344,MAZDA,Axela sedan
345,Chrey,Eastar Cross
346,Chrey,Fulwin 2 hatchback
347,Chrey,Fulwin 2 sedan
348,Chrey,Chrey A3 hatchback
349,Chrey,Chrey A3 sedan
350,Chrey,Chrey E5
351,Chrey,Chrey QQ
352,Chrey,Chrey QQ3
353,Chrey,Chrey X1
354,Chrey,Cowin 2
355,Chrey,Cowin 3
356,Chrey,Tiggo
357,Chrey,Tiggo 5
358,Chrey,Arrizo 7
359,Ruiqi,Ruiqi G5
360,smart,smart fortwo
361,Volvo,Volvo C30
362,Volvo,Volvo S60
363,Volvo,Volvo V40
364,Volvo,Volvo V40 CrossCountry
365,Volvo,Volvo V60
366,Volvo,Volvo XC60
367,Volvo,Volvo XC90 abroad version
368,Volvo,Volvo C70
369,Volvo,Volvo S40
370,Volvo,Volvo S80L
371,Volvo,Volvo S60L
372,Karry,Youyou
373,Suzuki,Alto
374,Suzuki,Cultus
375,Suzuki,Tianyu SX4 hatchback
376,Suzuki,Tianyu SX4 sedan
377,Suzuki,Tianyushangyue
378,Suzuki,Yuyan
379,Suzuki,Kazishi
380,Suzuki,Bei Douxing
381,Everus,Linian S1
382,MG,MG3 SW
383,MG,MG5
384,MG,MG6 sedan
385,MG,MG6 hatchback
386,MG,MG7
387,MG,MG3
388,Opel,Antara
389,Opel,Zafira
390,Opel,GTC hatchback
391,Venucia,Venucia R50
392,Venucia,Venucia D50
393,Mitsubishi,Pajero
394,Mitsubishi,Grandis
395,Mitsubishi,Evo
396,Mitsubishi,ASX abroad version
397,Mitsubishi,Outlander abroad version
398,Mitsubishi,Mitsubishi Fortis
399,Mitsubishi,Mitsubishi Lancer EX
400,SAAB,SAAB D70
401,Wuling,Wulinghongguang
402,Wuling,Wulingzhiguang
403,Wuling,Wulingrongguang
404,Chevy,AVEO hatchback
405,Chevy,Trax
406,Chevy,Epica
407,Chevy,Cruze sedan
408,Chevy,Cruze hatchback
409,Chevy,Captiva
410,Chevy,Aveo
411,Chevy,Lova
412,Chevy,Malibu
413,Chevy,Sail hatchback
414,Chevy,Sail sedan
415,Chevy,Aveo sedan
416,Chevy,Camaro
417,Zhonghua,Zhonghua H330
418,Zhonghua,Zhonghua H530
419,Zhonghua,Zhonghua V5
420,Zhonghua,Zhonghua Junjie
421,Zhonghua,Zhonghua Junjie CROSS
422,Zhonghua,Zhonghua Junjie FRV
423,Zhonghua,Zhonghua Junjie FSV
424,Zhonghua,Zhonghua Junjie Wagon
425,Zhonghua,Zhonghua Zunchi
426,Zhonghua,Zhonghua H230
427,Brabus,Brabus S Class
428,Zxauto,Grandtiger G3
429,Zxauto,Grandtiger TUV
430,Zxauto,Qijian A9
